{"stats":{"minecraft:crafted":{"minecraft:smooth_stone":3,"minecraft:oak_planks":16,"minecraft:stone_shovel":3,"minecraft:barrel":6,"minecraft:furnace":5,"minecraft:acacia_fence_gate":2,"minecraft:blast_furnace":1,"croptopia:toast":16,"minecraft:stone":3,"minecraft:cooked_mutton":10,"minecraft:terracotta":20,"minecraft:iron_boots":4,"minecraft:iron_axe":4,"minecraft:iron_hoe":2,"minecraft:stone_pickaxe":1,"minecraft:chest":9,"minecraft:wheat":486,"minecraft:emerald":20,"minecraft:cooked_porkchop":2,"minecraft:crafting_table":5,"minecraft:acacia_slab":36,"minecraft:wooden_pickaxe":1,"minecraft:iron_helmet":2,"minecraft:iron_sword":1,"minecraft:acacia_trapdoor":8,"minecraft:smithing_table":1,"minecraft:fletching_table":2,"minecraft:bucket":1,"minecraft:stone_axe":1,"minecraft:bread":195,"minecraft:air":84,"minecraft:iron_chestplate":1,"minecraft:charcoal":39,"minecraft:shield":1,"minecraft:stick":744,"minecraft:iron_ingot":32,"minecraft:iron_pickaxe":2,"minecraft:iron_shovel":3,"minecraft:iron_leggings":3,"minecraft:white_bed":1,"minecraft:composter":1,"minecraft:acacia_planks":693,"minecraft:torch":68,"minecraft:clay":20},"minecraft:mined":{"minecraft:tuff":5,"minecraft:oak_sapling":1,"minecraft:white_bed":2,"minecraft:brewing_stand":1,"minecraft:acacia_log":240,"minecraft:grass_block":121,"minecraft:acacia_slab":4,"minecraft:hay_block":54,"minecraft:furnace":5,"minecraft:acacia_trapdoor":4,"minecraft:iron_ore":31,"minecraft:barrel":6,"minecraft:acacia_wood":1,"minecraft:deepslate_lapis_ore":10,"minecraft:fletching_table":4,"minecraft:bell":2,"chococraft:gysahl_green":1,"minecraft:pointed_dripstone":4,"minecraft:deepslate_iron_ore":1,"minecraft:stripped_acacia_log":1,"minecraft:stone":142,"minecraft:orange_bed":11,"minecraft:smithing_table":4,"minecraft:deepslate_redstone_ore":3,"minecraft:acacia_leaves":50,"minecraft:melon_stem":1,"minecraft:clay":92,"minecraft:crafting_table":8,"minecraft:torch":7,"minecraft:blast_furnace":2,"minecraft:melon":1,"minecraft:chest":6,"minecraft:tall_grass":4,"minecraft:cobblestone":2,"minecraft:lapis_ore":5,"minecraft:grindstone":2,"minecraft:diorite":9,"minecraft:wall_torch":18,"minecraft:seagrass":2,"minecraft:acacia_sapling":1,"minecraft:acacia_fence_gate":1,"minecraft:wheat":71,"minecraft:pumpkin_stem":1,"minecraft:coal_ore":2,"minecraft:oak_log":8,"minecraft:gravel":28,"minecraft:dripstone_block":1,"minecraft:dirt":885,"minecraft:acacia_planks":32,"minecraft:oak_leaves":55,"minecraft:deepslate":8},"minecraft:killed_by":{"minecraft:iron_golem":1,"minecraft:cave_spider":1},"minecraft:picked_up":{"minecraft:charcoal":5,"minecraft:iron_chestplate":2,"minecraft:crafting_table":9,"minecraft:wheat":168,"minecraft:clay_ball":304,"minecraft:chicken":4,"minecraft:turtle_helmet":1,"minecraft:smithing_table":4,"paraglider:heart_container":1,"minecraft:brewing_stand":1,"minecraft:shield":1,"minecraft:string":6,"hmag:ravager_meat":12,"minecraft:iron_axe":3,"mysticalagriculture:inferium_essence":10,"minecraft:cobbled_deepslate":9,"minecraft:bucket":1,"minecraft:beef":8,"minecraft:acacia_fence_gate":1,"minecraft:redstone_torch":1,"bossominium:vex_wing":6,"minecraft:iron_nugget":6,"minecraft:poppy":23,"minecraft:iron_pickaxe":3,"minecraft:melon_slice":6,"minecraft:chest":6,"minecraft:egg":8,"minecraft:iron_boots":1,"minecraft:furnace":6,"grimoireofgaia:taproot":2,"minecraft:stick":249,"minecraft:raw_iron":32,"apotheosis:gem":4,"grimoireofgaia:meat":2,"minecraft:oak_fence":8,"minecraft:torch":28,"minecraft:acacia_log":286,"minecraft:porkchop":2,"minecraft:stone_button":1,"minecraft:pointed_dripstone":5,"tombstone:grave_dust":2,"minecraft:diorite":9,"minecraft:redstone":13,"k_turrets:bullet_drone_item":1,"minecraft:orange_bed":12,"lightmanscurrency:coin_emerald":7,"automobility:automobile_frame":1,"minecraft:stone_shovel":1,"minecraft:arrow":8,"minecraft:rotten_flesh":38,"grimoireofgaia:bag_book":5,"minecraft:hay_block":54,"minecraft:saddle":2,"minecraft:totem_of_undying":1,"minecraft:mutton":10,"minecraft:cobblestone":149,"minecraft:white_wool":6,"minecraft:feather":5,"minecraft:water_bucket":1,"minecraft:andesite":10,"minecraft:acacia_wood":1,"minecraft:flint":8,"minecraft:tuff":5,"minecraft:oak_log":8,"minecraft:gunpowder":4,"minecraft:lapis_lazuli":102,"minecraft:dirt":1101,"minecraft:white_banner":4,"butchersdelight:deadchiken":1,"automobility:automobile_wheel":4,"minecraft:cooked_mutton":5,"minecraft:bone":12,"chococraft:gysahl_green":10,"minecraft:acacia_planks":127,"minecraft:wheat_seeds":404,"minecraft:acacia_trapdoor":4,"minecraft:bell":2,"minecraft:grindstone":3,"minecraft:iron_ingot":92,"minecraft:tall_grass":3,"minecraft:fletching_table":4,"minecraft:glass_bottle":3,"minecraft:glowstone_dust":1,"lightmanscurrency:coin_iron":100,"minecraft:acacia_sapling":58,"hmag:soul_powder":1,"butchersdelight:skullcow":2,"minecraft:gravel":38,"minecraft:dripstone_block":1,"automobility:automobile_engine":1,"chococraft:gysahl_green_seeds":5,"nomowanderer:trader_cloth_piece":1,"minecraft:grass_block":2,"minecraft:blast_furnace":2,"minecraft:white_bed":2,"grimoireofgaia:box_iron":1,"minecraft:barrel":6,"minecraft:spider_eye":2,"minecraft:iron_hoe":1,"minecraft:bundle":1,"cgm:pistol":1,"butchersdelight:sheephide":1,"lightmanscurrency:coin_copper":221,"minecraft:stripped_acacia_log":2,"minecraft:sugar":1,"minecraft:stone_axe":1,"lightmanscurrency:coin_gold":16,"minecraft:iron_helmet":1,"minecraft:crossbow":1,"minecraft:gray_wool":1,"minecraft:emerald":1,"minecraft:bread":172,"minecraft:oak_button":3,"alexsmobs:maggot":1,"minecraft:oak_sapling":6,"minecraft:acacia_slab":6,"minecraft:melon_seeds":2,"minecraft:coal":2,"minecraft:ender_pearl":1},"minecraft:killed":{"minecraft:evoker":1,"minecraft:cave_spider":4,"minecraft:witch":5,"grimoireofgaia:satyress":2,"minecraft:spider":4,"minecraft:vindicator":8,"grimoireofgaia:centaur":2,"grimoireofgaia:orc":7,"grimoireofgaia:goblin":2,"minecraft:skeleton":6,"minecraft:chicken":4,"minecraft:skeleton_horse":1,"hmag:ghost":4,"minecraft:pig":1,"minecraft:iron_golem":18,"minecraft:ravager":2,"minecraft:creeper":4,"minecraft:sheep":7,"minecraft:pillager":22,"minecraft:zombie":32,"grimoireofgaia:deathword":1,"alexsmobs:fly":1,"creeperoverhaul:savannah_creeper":1,"grimoireofgaia:dryad":1,"minecraft:enderman":3},"minecraft:dropped":{"minecraft:bread":152,"minecraft:iron_sword":1,"butchersdelight:sheephide":1,"minecraft:iron_helmet":1,"minecraft:gray_wool":1,"minecraft:torch":8,"minecraft:iron_leggings":1,"minecraft:iron_axe":2,"minecraft:iron_pickaxe":1,"minecraft:iron_shovel":1,"cgm:pistol":2,"minecraft:iron_hoe":1,"minecraft:iron_boots":1,"minecraft:iron_chestplate":1,"minecraft:acacia_slab":2},"minecraft:custom":{"minecraft:interact_with_smithing_table":2,"minecraft:mob_kills":144,"minecraft:animals_bred":1,"minecraft:inspect_hopper":1,"minecraft:interact_with_crafting_table":63,"minecraft:open_barrel":4,"minecraft:bell_ring":93,"minecraft:damage_dealt_resisted":0,"minecraft:leave_game":10,"minecraft:time_since_death":44721,"minecraft:climb_one_cm":5359,"minecraft:sprint_one_cm":756807,"minecraft:walk_one_cm":918359,"minecraft:drop":43,"minecraft:talked_to_villager":84,"minecraft:raid_win":1,"minecraft:play_time":575458,"minecraft:deaths":4,"minecraft:sneak_time":25742,"minecraft:walk_under_water_one_cm":3799,"minecraft:jump":3907,"minecraft:interact_with_brewingstand":2,"minecraft:interact_with_blast_furnace":1,"minecraft:walk_on_water_one_cm":46318,"minecraft:total_world_time":575458,"minecraft:interact_with_furnace":83,"tombstone:raider_killed":48,"minecraft:traded_with_villager":24,"minecraft:raid_trigger":1,"minecraft:sleep_in_bed":16,"minecraft:time_since_rest":28311,"minecraft:damage_taken":3570,"minecraft:use_wand":173,"minecraft:damage_dealt":24486,"minecraft:swim_one_cm":14404,"minecraft:fly_one_cm":1500029,"minecraft:open_chest":133,"minecraft:crouch_one_cm":83271,"tombstone:undead_killed":28,"minecraft:fall_one_cm":48646},"minecraft:broken":{"minecraft:iron_shovel":1,"minecraft:iron_axe":1,"minecraft:stone_axe":1,"minecraft:stone_shovel":3},"minecraft:used":{"minecraft:acacia_log":16,"minecraft:iron_shovel":579,"minecraft:stone_shovel":394,"minecraft:chest":17,"butchersdelight:hook":21,"minecraft:iron_sword":48,"minecraft:bell":2,"minecraft:rotten_flesh":2,"minecraft:orange_bed":10,"minecraft:torch":63,"minecraft:dirt":129,"k_turrets:bullet_drone_item":1,"minecraft:acacia_sapling":22,"minecraft:tuff":5,"minecraft:iron_hoe":175,"butchersdelight:cleaver":36,"minecraft:grass_block":10,"minecraft:iron_axe":422,"slashblade:slashblade":89,"constructionwand:infinity_wand":27,"minecraft:acacia_slab":4,"minecraft:melon_seeds":2,"minecraft:barrel":6,"torchmaster:feral_flare_lantern":10,"minecraft:furnace":9,"minecraft:oak_sapling":2,"tombstone:gift":5,"minecraft:egg":3,"comforts:sleeping_bag_white":3,"minecraft:acacia_planks":49,"minecraft:cobbled_deepslate":4,"minecraft:iron_leggings":1,"minecraft:wheat_seeds":107,"minecraft:cooked_mutton":9,"minecraft:water_bucket":27,"minecraft:diorite":3,"cgm:pistol":66,"minecraft:oak_planks":1,"minecraft:acacia_trapdoor":13,"minecraft:stone_pickaxe":130,"quark:ancient_fruit":9,"minecraft:wooden_pickaxe":18,"minecraft:composter":1,"minecraft:fletching_table":6,"endofherobrine:glowing_obsidian":1,"minecraft:tnt":6,"minecraft:crafting_table":11,"minecraft:blast_furnace":3,"minecraft:white_bed":3,"minecraft:pumpkin_seeds":4,"chococraft:gysahl_green_seeds":1,"minecraft:bread":33,"minecraft:oak_button":4,"minecraft:iron_pickaxe":123,"tombstone:grave_key":4,"minecraft:gravel":2,"minecraft:stone_axe":111,"minecraft:acacia_fence_gate":3,"croptopia:toast":3,"minecraft:cobblestone":206,"minecraft:grindstone":1,"minecraft:cooked_porkchop":2,"minecraft:smithing_table":5,"minecraft:bucket":27,"minecraft:andesite":7,"chococraft:gysahl_green":10,"alexsmobs:animal_dictionary":1,"minecraft:splash_potion":21,"cgm:mini_gun":1733}},"DataVersion":3465}