{"stats":{"minecraft:crafted":{"minecraft:oak_planks":740,"minecraft:barrel":8,"minecraft:birch_slab":18,"minecraft:glass":124,"minecraft:hopper":1,"minecraft:bow":1,"minecraft:iron_boots":2,"minecraft:chest":5,"minecraft:birch_door":6,"minecraft:stone_hoe":2,"minecraft:oak_fence":51,"minecraft:oak_slab":150,"minecraft:cooked_porkchop":16,"minecraft:crafting_table":4,"minecraft:iron_helmet":1,"minecraft:wooden_pickaxe":1,"minecraft:birch_pressure_plate":1,"minecraft:birch_planks":280,"minecraft:campfire":16,"minecraft:charcoal":5,"minecraft:iron_chestplate":3,"minecraft:shield":2,"minecraft:birch_fence":3,"minecraft:stick":160,"minecraft:iron_ingot":80,"minecraft:iron_pickaxe":5,"minecraft:stone_sword":3,"minecraft:gold_ingot":14,"minecraft:oak_door":6,"minecraft:stone_shovel":4,"minecraft:furnace":4,"minecraft:oak_trapdoor":8,"minecraft:glass_pane":32,"minecraft:iron_axe":3,"minecraft:stone_pickaxe":4,"minecraft:wheat":333,"minecraft:cooked_beef":13,"minecraft:coal_block":4,"minecraft:iron_sword":3,"minecraft:bucket":2,"minecraft:stone_axe":7,"minecraft:jungle_slab":30,"minecraft:bread":116,"minecraft:air":0,"minecraft:jungle_planks":64,"minecraft:oak_fence_gate":1,"minecraft:oak_boat":2,"minecraft:oak_chest_boat":1,"minecraft:golden_apple":2,"minecraft:wooden_axe":1,"minecraft:oak_stairs":152,"minecraft:iron_shovel":1,"minecraft:iron_leggings":1,"minecraft:torch":152},"minecraft:custom":{"minecraft:interact_with_crafting_table":138,"minecraft:open_barrel":291,"minecraft:bell_ring":34,"minecraft:leave_game":19,"minecraft:time_since_death":4123,"minecraft:sprint_one_cm":1419942,"minecraft:damage_blocked_by_shield":4535,"minecraft:drop":305,"minecraft:talked_to_villager":7,"minecraft:play_time":960271,"minecraft:deaths":21,"minecraft:jump":9403,"minecraft:interact_with_brewingstand":1,"minecraft:walk_on_water_one_cm":196059,"minecraft:interact_with_furnace":98,"minecraft:sleep_in_bed":17,"minecraft:damage_dealt":10313,"minecraft:player_kills":2,"minecraft:crouch_one_cm":15983,"minecraft:inspect_dispenser":17,"minecraft:interact_with_smithing_table":2,"minecraft:interact_with_anvil":4,"minecraft:mob_kills":76,"minecraft:inspect_hopper":5,"minecraft:interact_with_campfire":11,"minecraft:climb_one_cm":10973,"minecraft:walk_one_cm":2029728,"minecraft:sneak_time":11073,"minecraft:walk_under_water_one_cm":223297,"minecraft:boat_one_cm":151525,"minecraft:total_world_time":960271,"minecraft:time_since_rest":4685,"minecraft:damage_taken":9281,"minecraft:swim_one_cm":284099,"minecraft:fly_one_cm":1015020,"minecraft:open_chest":15,"minecraft:aviate_one_cm":34280,"minecraft:fall_one_cm":155098},"minecraft:broken":{"minecraft:iron_shovel":1,"minecraft:stone_axe":3,"minecraft:wooden_axe":1,"minecraft:stone_shovel":2,"minecraft:stone_sword":1,"minecraft:wooden_pickaxe":1,"minecraft:shield":1,"minecraft:iron_axe":2},"minecraft:picked_up":{"minecraft:wooden_axe":7,"minecraft:birch_door":22,"minecraft:iron_chestplate":10,"minecraft:wheat":155,"minecraft:lead":1,"minecraft:oak_stairs":213,"minecraft:enchanted_book":20,"minecraft:brewing_stand":2,"minecraft:string":38,"minecraft:waxed_cut_copper_slab":4,"minecraft:raw_copper":36,"minecraft:cooked_salmon":2,"minecraft:iron_leggings":9,"minecraft:cobbled_deepslate":123,"minecraft:bucket":11,"minecraft:iron_pickaxe":17,"minecraft:iron_boots":9,"minecraft:furnace":12,"minecraft:stick":328,"minecraft:acacia_fence":24,"minecraft:oak_fence":69,"minecraft:torch":354,"minecraft:acacia_log":38,"minecraft:porkchop":39,"minecraft:pointed_dripstone":4,"minecraft:diorite":63,"minecraft:stone_sword":8,"minecraft:rotten_flesh":32,"minecraft:waxed_cut_copper":4,"minecraft:snowball":7,"minecraft:cobblestone":799,"minecraft:birch_log":145,"minecraft:magma_block":1,"minecraft:feather":21,"minecraft:cooked_beef":11,"minecraft:birch_slab":65,"minecraft:water_bucket":5,"minecraft:andesite":42,"minecraft:jungle_log":171,"minecraft:potato":23,"minecraft:flint":6,"minecraft:lapis_lazuli":60,"minecraft:stripped_birch_log":3,"minecraft:dirt":1155,"minecraft:name_tag":3,"minecraft:bone":25,"minecraft:acacia_planks":51,"minecraft:bow":9,"minecraft:wheat_seeds":404,"minecraft:raw_gold":20,"minecraft:bell":3,"minecraft:stone_hoe":7,"minecraft:oak_planks":563,"minecraft:cooked_porkchop":7,"minecraft:axolotl_bucket":1,"minecraft:jungle_planks":144,"minecraft:sand":284,"minecraft:jungle_slab":24,"minecraft:iron_hoe":1,"minecraft:dispenser":2,"minecraft:diamond":6,"minecraft:breeze_rod":1,"minecraft:granite":74,"minecraft:bone_meal":1,"minecraft:golden_apple":2,"minecraft:emerald":2,"minecraft:bread":379,"minecraft:oak_sapling":106,"minecraft:lingering_potion":1,"minecraft:charcoal":24,"minecraft:crafting_table":10,"minecraft:azure_bluet":4,"minecraft:chicken":12,"minecraft:ladder":38,"minecraft:chest_minecart":2,"minecraft:wooden_pickaxe":3,"minecraft:chain":9,"minecraft:shield":13,"minecraft:cornflower":5,"minecraft:oak_trapdoor":12,"minecraft:iron_axe":10,"minecraft:acacia_door":2,"minecraft:iron_shovel":7,"minecraft:birch_fence":9,"minecraft:glass_pane":115,"minecraft:detector_rail":8,"minecraft:beef":33,"minecraft:oak_boat":14,"minecraft:jungle_sapling":4,"minecraft:poppy":2,"minecraft:light_gray_wool":2,"minecraft:sugar_cane":67,"minecraft:chest":3,"minecraft:birch_sapling":18,"minecraft:egg":27,"minecraft:lime_wool":3,"minecraft:raw_iron":224,"minecraft:oak_door":47,"minecraft:fire_charge":21,"minecraft:trident":3,"minecraft:carrot":12,"minecraft:redstone":108,"minecraft:arrow":136,"minecraft:stone_shovel":9,"minecraft:peony":1,"minecraft:hay_block":79,"minecraft:oak_chest_boat":2,"minecraft:gold_ingot":26,"minecraft:tuff_bricks":146,"minecraft:glow_berries":8,"minecraft:mutton":3,"minecraft:white_wool":6,"minecraft:rail":60,"minecraft:oxeye_daisy":9,"minecraft:stripped_oak_log":1,"minecraft:lime_bed":1,"minecraft:salmon":6,"minecraft:leather":19,"minecraft:red_mushroom":1,"minecraft:birch_planks":287,"minecraft:waxed_copper_bulb":4,"minecraft:oak_log":721,"minecraft:waxed_copper_block":1,"minecraft:yellow_bed":1,"minecraft:blue_bed":6,"minecraft:cooked_mutton":2,"minecraft:apple":8,"minecraft:iron_ingot":74,"minecraft:stone_pickaxe":18,"minecraft:cooked_chicken":6,"minecraft:iron_sword":11,"minecraft:acacia_sapling":1,"minecraft:oak_slab":77,"minecraft:waxed_exposed_copper_bulb":2,"minecraft:dandelion":60,"minecraft:dripstone_block":3,"minecraft:gravel":5,"minecraft:white_bed":5,"minecraft:spider_eye":2,"minecraft:stone_axe":7,"minecraft:iron_helmet":9,"minecraft:oak_button":2,"minecraft:black_wool":3,"minecraft:coal":911},"minecraft:killed_by":{"minecraft:drowned":1,"minecraft:bogged":1,"minecraft:cave_spider":3,"minecraft:zombie":6,"minecraft:spider":3,"minecraft:skeleton":3},"minecraft:mined":{"minecraft:waxed_cut_copper_slab":2,"minecraft:white_bed":3,"minecraft:oak_sapling":3,"minecraft:farmland":5,"minecraft:jungle_slab":12,"minecraft:jungle_leaves":5,"minecraft:brewing_stand":1,"minecraft:granite":26,"minecraft:grass_block":451,"minecraft:jungle_log":103,"minecraft:oxeye_daisy":3,"minecraft:tuff_bricks":73,"minecraft:tall_seagrass":13,"minecraft:magma_block":1,"minecraft:iron_ore":113,"minecraft:fire":2,"minecraft:azure_bluet":2,"minecraft:pointed_dripstone":1,"minecraft:dirt_path":7,"minecraft:oak_stairs":89,"minecraft:tripwire":1,"minecraft:waxed_cut_copper":2,"minecraft:torch":5,"minecraft:poppy":2,"minecraft:glass":6,"minecraft:cobblestone":24,"minecraft:sugar_cane":3,"minecraft:oak_planks":125,"minecraft:wall_torch":2,"minecraft:birch_sapling":1,"minecraft:seagrass":1,"minecraft:chain":9,"minecraft:waxed_copper_bulb":2,"minecraft:birch_log":71,"minecraft:wheat":41,"minecraft:waxed_copper_block":1,"minecraft:birch_door":14,"minecraft:oak_log":312,"minecraft:sand":217,"minecraft:dirt":185,"minecraft:dispenser":1,"minecraft:oak_leaves":139,"minecraft:deepslate":78,"minecraft:oak_door":8,"minecraft:jungle_planks":26,"minecraft:birch_slab":6,"minecraft:hay_block":48,"minecraft:redstone_ore":13,"minecraft:oak_trapdoor":13,"minecraft:furnace":8,"minecraft:carrots":6,"minecraft:andesite":11,"minecraft:peony":1,"minecraft:bell":2,"minecraft:potatoes":5,"minecraft:deepslate_iron_ore":2,"minecraft:vine":23,"minecraft:stripped_oak_log":1,"minecraft:stone":306,"minecraft:waxed_exposed_copper_bulb":1,"minecraft:oak_slab":44,"minecraft:glass_pane":9,"minecraft:dandelion":14,"minecraft:oak_fence":12,"minecraft:crafting_table":7,"minecraft:cornflower":2,"minecraft:short_grass":308,"minecraft:campfire":2,"minecraft:tall_grass":38,"minecraft:lapis_ore":5,"minecraft:deepslate_gold_ore":14,"minecraft:diorite":28,"minecraft:blue_bed":6,"minecraft:birch_planks":78,"minecraft:lime_bed":1,"minecraft:birch_leaves":12,"minecraft:yellow_bed":1,"minecraft:coal_ore":202,"minecraft:gravel":2,"minecraft:dripstone_block":1,"minecraft:cobweb":4,"minecraft:acacia_planks":1},"minecraft:killed":{"minecraft:cave_spider":2,"minecraft:spider":4,"minecraft:skeleton":7,"minecraft:chicken":9,"minecraft:pig":3,"minecraft:salmon":12,"minecraft:iron_golem":1,"minecraft:creeper":3,"minecraft:sheep":3,"minecraft:zombie":12,"minecraft:cow":12,"minecraft:armadillo":1,"minecraft:bat":1,"minecraft:squid":1,"minecraft:breeze":1,"minecraft:enderman":1},"minecraft:used":{"minecraft:iron_shovel":337,"minecraft:chest":2,"minecraft:shield":313,"minecraft:iron_sword":281,"minecraft:bell":2,"minecraft:iron_chestplate":1,"minecraft:mutton":3,"minecraft:birch_pressure_plate":1,"minecraft:jungle_planks":27,"minecraft:carrot":3,"minecraft:jungle_slab":34,"minecraft:axolotl_bucket":7,"minecraft:snowball":7,"minecraft:jungle_sapling":2,"minecraft:glass":119,"minecraft:birch_sapling":18,"minecraft:bow":9,"minecraft:hay_block":5,"minecraft:oak_sapling":86,"minecraft:furnace":11,"minecraft:egg":7,"minecraft:potato":17,"minecraft:oak_chest_boat":1,"minecraft:diorite":1,"minecraft:stone_pickaxe":335,"minecraft:oak_planks":332,"minecraft:ender_pearl":1,"minecraft:wooden_pickaxe":64,"minecraft:sugar_cane":7,"minecraft:blue_bed":7,"minecraft:lingering_potion":1,"minecraft:firework_rocket":3,"minecraft:birch_slab":8,"minecraft:bread":37,"minecraft:string":1,"minecraft:fire_charge":4,"minecraft:oak_boat":12,"minecraft:oak_fence":43,"minecraft:oak_trapdoor":20,"minecraft:trident":140,"minecraft:stone_sword":219,"minecraft:stone_shovel":391,"minecraft:cooked_salmon":2,"minecraft:stone_hoe":156,"minecraft:oak_door":12,"minecraft:torch":127,"minecraft:brewing_stand":1,"minecraft:dirt":626,"minecraft:anvil":1,"minecraft:hopper":1,"minecraft:granite":26,"minecraft:oak_fence_gate":1,"minecraft:birch_door":20,"minecraft:wooden_axe":58,"minecraft:iron_axe":474,"minecraft:oak_stairs":285,"minecraft:barrel":8,"minecraft:cooked_beef":15,"minecraft:cobbled_deepslate":17,"minecraft:iron_leggings":1,"minecraft:cooked_mutton":2,"minecraft:wheat_seeds":203,"minecraft:water_bucket":257,"minecraft:birch_planks":211,"minecraft:salmon":1,"minecraft:rail":1,"minecraft:oak_slab":288,"minecraft:lime_bed":1,"minecraft:crafting_table":10,"minecraft:white_bed":2,"minecraft:campfire":115,"minecraft:oak_log":70,"minecraft:apple":1,"minecraft:iron_pickaxe":626,"minecraft:stone_axe":541,"minecraft:cobblestone":84,"minecraft:cooked_porkchop":17,"minecraft:bucket":254,"minecraft:glass_pane":9},"minecraft:dropped":{"minecraft:iron_sword":2,"minecraft:birch_planks":19,"minecraft:cooked_beef":2,"minecraft:oak_log":7,"minecraft:ender_pearl":1,"minecraft:diamond":3,"minecraft:crafting_table":1,"minecraft:cooked_porkchop":2,"minecraft:rail":27,"minecraft:dirt":244,"minecraft:cornflower":1,"minecraft:iron_pickaxe":4,"minecraft:acacia_door":1,"minecraft:white_wool":2,"minecraft:gold_ingot":5,"minecraft:bone":1,"minecraft:stone_axe":5,"minecraft:sugar_cane":13,"minecraft:cobbled_deepslate":2,"minecraft:rotten_flesh":9,"minecraft:oak_planks":4,"minecraft:white_bed":1,"minecraft:recovery_compass":1,"minecraft:poppy":2,"minecraft:trident":1,"minecraft:charcoal":5,"minecraft:ladder":19,"minecraft:glass":1,"minecraft:acacia_fence":12,"minecraft:enchanted_book":14,"minecraft:water_bucket":1,"minecraft:stone_hoe":1,"minecraft:iron_ingot":2,"minecraft:bread":173,"minecraft:oak_slab":6,"minecraft:wheat_seeds":59,"minecraft:dripstone_block":2,"minecraft:cobblestone":208,"minecraft:feather":1,"minecraft:lead":1,"minecraft:apple":1,"minecraft:acacia_log":17,"minecraft:coal":1,"minecraft:stick":104,"minecraft:torch":73,"minecraft:wooden_axe":1,"minecraft:iron_leggings":3,"minecraft:oak_stairs":28,"minecraft:iron_axe":2,"minecraft:bucket":3,"minecraft:acacia_planks":41,"minecraft:dandelion":3,"minecraft:stone_sword":4,"minecraft:raw_copper":14,"minecraft:stone_shovel":1,"minecraft:iron_boots":2,"minecraft:iron_hoe":1,"minecraft:shield":2,"minecraft:waxed_cut_copper":2,"minecraft:peony":1,"minecraft:iron_chestplate":5,"minecraft:andesite":42,"minecraft:yellow_bed":1,"minecraft:oak_sapling":3,"minecraft:spider_eye":1,"minecraft:bow":1,"minecraft:stone_pickaxe":5}},"DataVersion":3955}