{"stats":{"minecraft:custom":{"minecraft:time_since_rest":7082,"minecraft:walk_one_cm":77511,"minecraft:sprint_one_cm":62162,"minecraft:damage_taken":920,"minecraft:mob_kills":1,"minecraft:drop":17,"minecraft:damage_dealt":120,"minecraft:swim_one_cm":1058,"minecraft:fly_one_cm":92050,"minecraft:open_chest":4,"minecraft:crouch_one_cm":3658,"minecraft:play_time":21394,"minecraft:deaths":3,"minecraft:sneak_time":804,"minecraft:walk_under_water_one_cm":2549,"minecraft:jump":492,"minecraft:leave_game":1,"minecraft:time_since_death":8343,"minecraft:walk_on_water_one_cm":1898,"minecraft:sleep_in_bed":1,"minecraft:total_world_time":21394,"minecraft:climb_one_cm":960,"minecraft:fall_one_cm":19572},"minecraft:picked_up":{"minecraft:lingering_potion":14,"minecraft:lime_wool":45,"minecraft:magma_block":6,"minecraft:feather":32,"minecraft:splash_potion":18,"minecraft:chicken":1,"minecraft:yellow_dye":18,"minecraft:dandelion":6,"minecraft:fire_charge":6,"minecraft:flint":2,"minecraft:pointed_dripstone":4,"minecraft:lapis_lazuli":54,"minecraft:dirt":253,"minecraft:arrow":3,"minecraft:wheat_seeds":11,"minecraft:armadillo_scute":4,"minecraft:poppy":10,"minecraft:black_wool":2,"minecraft:chest":2,"minecraft:acacia_sapling":69,"minecraft:coal":62,"minecraft:oxeye_daisy":1,"minecraft:cobblestone":14,"minecraft:egg":5},"minecraft:killed_by":{"minecraft:zombie":2},"minecraft:mined":{"minecraft:black_wool":2,"minecraft:short_grass":12,"minecraft:grass_block":9,"minecraft:chest":2,"minecraft:dirt":14,"minecraft:tall_grass":5,"minecraft:lime_wool":43},"minecraft:dropped":{"minecraft:lime_wool":19,"minecraft:splash_potion":1},"minecraft:killed":{"minecraft:chicken":1},"minecraft:used":{"minecraft:black_wool":2,"minecraft:chicken":1,"minecraft:lime_wool":21,"minecraft:chest":2,"minecraft:dirt":65,"minecraft:lingering_potion":1,"minecraft:egg":3}},"DataVersion":3955}