{"stats":{"minecraft:custom":{"minecraft:animals_bred":7,"minecraft:interact_with_crafting_table":104,"minecraft:open_barrel":25,"minecraft:bell_ring":14,"minecraft:leave_game":13,"minecraft:time_since_death":16106,"minecraft:damage_resisted":0,"minecraft:sprint_one_cm":1183167,"minecraft:drop":131,"minecraft:talked_to_villager":1,"minecraft:play_time":765193,"minecraft:deaths":15,"minecraft:jump":3748,"minecraft:walk_on_water_one_cm":51580,"minecraft:interact_with_furnace":75,"minecraft:sleep_in_bed":29,"minecraft:damage_dealt":11168,"minecraft:player_kills":1,"minecraft:crouch_one_cm":36078,"tombstone:undead_killed":1,"minecraft:inspect_dispenser":13,"minecraft:horse_one_cm":395,"minecraft:mob_kills":72,"minecraft:interact_with_campfire":17,"minecraft:damage_dealt_resisted":0,"minecraft:climb_one_cm":42658,"minecraft:walk_one_cm":2100713,"minecraft:sneak_time":17765,"minecraft:walk_under_water_one_cm":32457,"minecraft:boat_one_cm":31064,"minecraft:total_world_time":765193,"minecraft:time_since_rest":4622,"minecraft:damage_taken":7860,"minecraft:swim_one_cm":24539,"minecraft:fly_one_cm":125759,"minecraft:open_chest":46,"minecraft:fall_one_cm":60360},"minecraft:killed":{"minecraft:cave_spider":1,"minecraft:spider":5,"grimoireofgaia:orc":1,"minecraft:skeleton":2,"minecraft:chicken":18,"minecraft:pig":4,"minecraft:salmon":11,"minecraft:sheep":7,"minecraft:trader_llama":2,"minecraft:zombie":8,"grimoireofgaia:harpy":3,"minecraft:cow":6,"grimoireofgaia:satyress":1,"hmag:ghost":1,"minecraft:wandering_trader":1},"minecraft:broken":{"minecraft:wooden_shovel":5,"minecraft:stone_pickaxe":7,"minecraft:stone_axe":1,"minecraft:wooden_axe":3,"minecraft:stone_shovel":2,"minecraft:stone_sword":1,"minecraft:wooden_pickaxe":2,"minecraft:iron_axe":1,"minecraft:iron_pickaxe":1},"minecraft:picked_up":{"minecraft:wooden_axe":5,"minecraft:iron_chestplate":8,"minecraft:birch_door":1,"minecraft:wheat":68,"minecraft:lead":15,"minecraft:oak_stairs":26,"minecraft:string":6,"minecraft:raw_copper":82,"minecraft:iron_leggings":5,"mysticalagriculture:inferium_essence":6,"minecraft:cobbled_deepslate":62,"minecraft:bucket":2,"minecraft:wooden_shovel":1,"minecraft:iron_pickaxe":3,"minecraft:iron_boots":2,"minecraft:furnace":1,"minecraft:stick":298,"minecraft:acacia_fence":12,"minecraft:oak_fence":9,"minecraft:torch":87,"minecraft:acacia_log":613,"minecraft:porkchop":7,"minecraft:pointed_dripstone":4,"capsule:capsule":1,"minecraft:diorite":49,"automobility:automobile_frame":1,"minecraft:stone_sword":9,"minecraft:rotten_flesh":38,"minecraft:cobblestone":1312,"minecraft:birch_log":28,"minecraft:magma_block":7,"minecraft:feather":38,"minecraft:cooked_beef":5,"minecraft:water_bucket":3,"minecraft:andesite":134,"minecraft:jungle_log":7,"minecraft:flint":12,"minecraft:tuff":1,"minecraft:lapis_lazuli":39,"minecraft:dirt":1283,"minecraft:name_tag":1,"minecraft:bone":3,"minecraft:acacia_planks":252,"minecraft:bow":3,"minecraft:wheat_seeds":253,"minecraft:raw_gold":3,"minecraft:oak_planks":4,"minecraft:stone_hoe":2,"minecraft:cooked_porkchop":1,"automobility:automobile_engine":1,"minecraft:sand":12,"minecraft:jungle_planks":2,"cgm:pistol":2,"minecraft:iron_hoe":2,"minecraft:stripped_acacia_log":2,"minecraft:diamond":12,"minecraft:granite":3,"minecraft:bread":13,"alexsmobs:maggot":4,"minecraft:charcoal":19,"minecraft:crafting_table":4,"minecraft:chicken":18,"minecraft:ladder":27,"minecraft:chest_minecart":1,"minecraft:wooden_pickaxe":3,"minecraft:shield":2,"minecraft:acacia_door":3,"minecraft:iron_axe":4,"minecraft:item_frame":3,"minecraft:iron_shovel":1,"minecraft:birch_fence":12,"minecraft:beef":11,"minecraft:oak_boat":1,"minecraft:iron_nugget":9,"minecraft:poppy":5,"minecraft:light_gray_wool":1,"minecraft:chest":2,"minecraft:birch_sapling":4,"minecraft:egg":32,"minecraft:raw_iron":33,"grimoireofgaia:meat":4,"minecraft:oak_door":1,"minecraft:recovery_compass":3,"minecraft:jungle_fence_gate":1,"butchersdelight:deadsheep":4,"minecraft:arrow":10,"minecraft:stone_shovel":2,"grimoireofgaia:bag_book":1,"minecraft:gold_ingot":13,"minecraft:mutton":13,"minecraft:rail":38,"minecraft:white_wool":10,"minecraft:salmon":7,"minecraft:leather":9,"minecraft:birch_planks":43,"minecraft:oak_log":87,"minecraft:waxed_copper_block":1,"minecraft:white_banner":1,"automobility:automobile_wheel":4,"minecraft:cooked_mutton":5,"minecraft:iron_ingot":14,"minecraft:stone_pickaxe":19,"minecraft:cooked_chicken":8,"lightmanscurrency:coin_iron":5,"minecraft:acacia_sapling":104,"minecraft:iron_sword":8,"minecraft:dandelion":7,"minecraft:gravel":98,"minecraft:spider_eye":4,"minecraft:stripped_jungle_log":1,"lightmanscurrency:coin_copper":6,"butchersdelight:sheephide":2,"minecraft:stone_axe":7,"minecraft:campfire":1,"lightmanscurrency:coin_gold":4,"minecraft:iron_helmet":2,"minecraft:coal":154},"minecraft:killed_by":{"minecraft:creeper":1,"minecraft:cave_spider":2,"minecraft:zombie":3,"minecraft:player":1,"minecraft:skeleton":4},"minecraft:mined":{"minecraft:jungle_leaves":4,"minecraft:granite":3,"minecraft:acacia_log":520,"minecraft:grass_block":386,"minecraft:jungle_log":7,"minecraft:tall_seagrass":1,"minecraft:magma_block":4,"minecraft:iron_ore":24,"minecraft:cobbled_deepslate":24,"minecraft:pointed_dripstone":2,"minecraft:torch":9,"minecraft:poppy":8,"minecraft:chest":2,"minecraft:glass":1,"minecraft:cobblestone":4,"minecraft:oak_planks":4,"minecraft:wall_torch":13,"minecraft:seagrass":1,"minecraft:acacia_sapling":4,"minecraft:birch_log":27,"minecraft:wheat":73,"minecraft:waxed_copper_block":1,"minecraft:oak_log":34,"minecraft:sand":2,"minecraft:dirt":343,"minecraft:oak_leaves":7,"minecraft:deepslate":16,"minecraft:tuff":1,"minecraft:deepslate_diamond_ore":3,"minecraft:ladder":1,"butchersdelight:deadsheepblock":2,"minecraft:glow_lichen":2,"minecraft:jungle_planks":2,"minecraft:andesite":114,"minecraft:deepslate_iron_ore":6,"minecraft:rail":13,"minecraft:stripped_acacia_log":2,"minecraft:stripped_jungle_log":1,"minecraft:stone":1090,"minecraft:jungle_fence_gate":1,"minecraft:acacia_leaves":253,"minecraft:dandelion":8,"minecraft:crafting_table":3,"minecraft:tall_grass":26,"minecraft:copper_ore":16,"minecraft:deepslate_coal_ore":2,"minecraft:lapis_ore":5,"minecraft:diorite":36,"minecraft:birch_leaves":1,"minecraft:coal_ore":65,"minecraft:gravel":105,"minecraft:acacia_door":1,"minecraft:acacia_planks":24,"minecraft:gold_ore":3},"minecraft:dropped":{"minecraft:birch_planks":43,"minecraft:lapis_lazuli":12,"minecraft:oak_log":55,"minecraft:crafting_table":1,"minecraft:dirt":75,"minecraft:birch_fence":12,"minecraft:iron_pickaxe":1,"minecraft:gold_ingot":5,"minecraft:gravel":23,"minecraft:stone_axe":1,"cgm:pistol":1,"minecraft:cobbled_deepslate":2,"minecraft:rotten_flesh":14,"minecraft:cooked_mutton":2,"minecraft:charcoal":5,"minecraft:birch_door":1,"minecraft:iron_ingot":34,"minecraft:wheat_seeds":8,"butchersdelight:sheephide":1,"minecraft:oak_fence":9,"minecraft:iron_helmet":1,"minecraft:feather":4,"minecraft:cobblestone":53,"minecraft:lead":1,"minecraft:acacia_log":20,"minecraft:coal":64,"minecraft:stick":70,"minecraft:wooden_axe":1,"minecraft:cooked_salmon":2,"minecraft:iron_leggings":1,"minecraft:oak_stairs":26,"minecraft:string":3,"minecraft:bucket":1,"minecraft:acacia_planks":36,"minecraft:furnace":1,"alexsmobs:maggot":1,"minecraft:stone_sword":3,"minecraft:raw_copper":2,"minecraft:raw_iron":2,"minecraft:stone_shovel":1,"minecraft:iron_boots":1,"minecraft:iron_hoe":1,"minecraft:shield":1,"minecraft:iron_chestplate":1,"minecraft:andesite":12,"minecraft:stone_pickaxe":4},"minecraft:crafted":{"minecraft:oak_planks":64,"minecraft:cooked_chicken":5,"minecraft:lightning_rod":1,"minecraft:cooked_mutton":8,"minecraft:glass":5,"minecraft:chest":2,"minecraft:acacia_fence":15,"minecraft:stone_hoe":1,"minecraft:wooden_shovel":5,"minecraft:arrow":24,"minecraft:cooked_porkchop":2,"minecraft:crafting_table":7,"minecraft:wooden_pickaxe":3,"minecraft:copper_ingot":25,"minecraft:birch_planks":24,"minecraft:campfire":1,"minecraft:yellow_dye":6,"minecraft:iron_chestplate":1,"minecraft:charcoal":40,"minecraft:stick":236,"minecraft:iron_pickaxe":1,"minecraft:iron_ingot":50,"minecraft:stone_sword":3,"minecraft:gold_ingot":3,"minecraft:acacia_door":3,"minecraft:wooden_sword":1,"minecraft:stone_shovel":1,"minecraft:furnace":1,"minecraft:bone_meal":9,"minecraft:iron_axe":1,"minecraft:ladder":60,"minecraft:stone_pickaxe":12,"minecraft:cooked_beef":5,"minecraft:iron_sword":1,"minecraft:cooked_salmon":7,"minecraft:bucket":1,"minecraft:bread":16,"minecraft:jungle_planks":28,"minecraft:wooden_axe":5,"minecraft:iron_leggings":1,"minecraft:white_bed":1,"minecraft:acacia_planks":1624,"minecraft:torch":144},"minecraft:used":{"minecraft:iron_shovel":143,"minecraft:ladder":37,"minecraft:chest":4,"minecraft:iron_sword":353,"minecraft:rotten_flesh":5,"minecraft:acacia_sapling":55,"minecraft:tuff":1,"minecraft:glass":5,"minecraft:magma_block":1,"minecraft:bow":4,"minecraft:furnace":1,"minecraft:acacia_fence":3,"grimoireofgaia:meat":2,"minecraft:egg":29,"minecraft:diorite":49,"minecraft:stone_pickaxe":1090,"minecraft:oak_planks":34,"minecraft:wooden_pickaxe":129,"minecraft:sand":2,"minecraft:lingering_potion":1,"minecraft:lightning_rod":1,"minecraft:acacia_door":3,"minecraft:bread":18,"minecraft:gravel":72,"minecraft:fire_charge":2,"minecraft:wooden_sword":17,"minecraft:andesite":108,"minecraft:oak_boat":1,"minecraft:bone_meal":9,"minecraft:stone_sword":190,"minecraft:acacia_log":7,"minecraft:stone_shovel":173,"minecraft:wooden_shovel":300,"minecraft:stone_hoe":21,"minecraft:cooked_salmon":5,"minecraft:cooked_chicken":13,"minecraft:torch":180,"minecraft:dirt":542,"minecraft:granite":3,"minecraft:iron_hoe":31,"minecraft:wooden_axe":234,"alexsmobs:maggot":4,"minecraft:iron_axe":492,"minecraft:cobbled_deepslate":54,"minecraft:cooked_beef":10,"minecraft:acacia_planks":1392,"minecraft:wheat_seeds":94,"minecraft:cooked_mutton":9,"minecraft:water_bucket":23,"minecraft:birch_planks":24,"cgm:pistol":16,"minecraft:crafting_table":9,"minecraft:white_bed":1,"minecraft:campfire":1,"minecraft:chicken":1,"minecraft:iron_pickaxe":251,"minecraft:stone_axe":115,"minecraft:cobblestone":963,"minecraft:cooked_porkchop":3,"minecraft:bucket":23}},"DataVersion":3465}