{"stats":{"minecraft:crafted":{"minecraft:oak_door":6,"minecraft:oak_planks":948,"minecraft:stone_shovel":1,"minecraft:birch_wood":18,"minecraft:cooked_chicken":1,"minecraft:furnace":4,"minecraft:stone":1,"minecraft:cooked_mutton":2,"minecraft:glass":152,"minecraft:iron_boots":1,"minecraft:ladder":27,"minecraft:iron_hoe":1,"minecraft:stone_pickaxe":18,"minecraft:chest":4,"minecraft:birch_door":3,"minecraft:oak_fence":78,"minecraft:cooked_beef":2,"minecraft:cooked_porkchop":2,"minecraft:crafting_table":2,"minecraft:wooden_pickaxe":4,"minecraft:iron_helmet":1,"minecraft:iron_sword":1,"minecraft:copper_ingot":1,"minecraft:fletching_table":1,"minecraft:birch_planks":330,"minecraft:bucket":1,"minecraft:oak_wood":15,"minecraft:stone_axe":7,"minecraft:bread":21,"minecraft:oak_fence_gate":6,"minecraft:iron_chestplate":1,"minecraft:charcoal":30,"minecraft:birch_fence":68,"minecraft:stick":228,"minecraft:iron_ingot":39,"minecraft:oak_stairs":144,"minecraft:wooden_axe":5,"minecraft:stone_sword":3,"minecraft:iron_leggings":1,"minecraft:acacia_planks":24,"minecraft:torch":106},"minecraft:broken":{"minecraft:wooden_pickaxe":4,"minecraft:stone_pickaxe":14,"minecraft:stone_axe":6,"minecraft:wooden_axe":4,"minecraft:stone_shovel":1},"minecraft:custom":{"minecraft:mob_kills":8,"minecraft:interact_with_crafting_table":77,"minecraft:open_barrel":7,"minecraft:bell_ring":9,"minecraft:leave_game":3,"minecraft:time_since_death":1678,"minecraft:climb_one_cm":66647,"minecraft:sprint_one_cm":274383,"minecraft:walk_one_cm":2263159,"minecraft:drop":105,"minecraft:talked_to_villager":1,"minecraft:play_time":780988,"minecraft:deaths":13,"minecraft:sneak_time":5799,"minecraft:walk_under_water_one_cm":27132,"minecraft:boat_one_cm":25183,"minecraft:jump":4247,"minecraft:walk_on_water_one_cm":105032,"minecraft:total_world_time":780988,"minecraft:interact_with_furnace":43,"minecraft:sleep_in_bed":23,"minecraft:time_since_rest":1722,"minecraft:damage_taken":4540,"minecraft:damage_dealt":1293,"minecraft:fly_one_cm":206701,"minecraft:open_chest":42,"minecraft:crouch_one_cm":5381,"minecraft:fall_one_cm":73385,"minecraft:horse_one_cm":6411},"minecraft:picked_up":{"minecraft:wooden_axe":8,"minecraft:charcoal":22,"minecraft:crafting_table":5,"minecraft:iron_chestplate":4,"minecraft:birch_door":9,"minecraft:wheat":70,"minecraft:chicken":2,"minecraft:ladder":30,"minecraft:lead":31,"minecraft:wooden_pickaxe":4,"minecraft:oak_stairs":94,"minecraft:brown_bed":4,"minecraft:shield":1,"minecraft:wind_charge":3,"minecraft:raw_copper":156,"minecraft:iron_leggings":3,"minecraft:birch_fence":9,"minecraft:diamond_leggings":1,"minecraft:cobbled_deepslate":160,"minecraft:bucket":2,"minecraft:beef":2,"minecraft:iron_pickaxe":1,"minecraft:sugar_cane":8,"minecraft:birch_sapling":26,"minecraft:iron_boots":2,"minecraft:egg":1,"minecraft:stick":236,"minecraft:raw_iron":44,"minecraft:stone":3,"minecraft:oak_door":4,"minecraft:oak_fence":36,"minecraft:torch":123,"minecraft:acacia_log":7,"minecraft:porkchop":20,"minecraft:pointed_dripstone":1,"minecraft:diorite":234,"minecraft:stone_pressure_plate":1,"minecraft:tnt":1,"minecraft:diamond_chestplate":1,"minecraft:stone_sword":8,"minecraft:arrow":1,"minecraft:stone_shovel":5,"minecraft:rotten_flesh":10,"minecraft:peony":11,"minecraft:diamond_boots":1,"minecraft:waxed_oxidized_cut_copper_stairs":1,"minecraft:armadillo_scute":1,"minecraft:tuff_bricks":3,"minecraft:mutton":2,"minecraft:cobblestone":1869,"minecraft:stripped_oak_log":14,"minecraft:birch_log":185,"minecraft:magma_block":1,"minecraft:feather":18,"minecraft:water_bucket":2,"minecraft:glow_ink_sac":2,"minecraft:birch_slab":10,"minecraft:andesite":170,"minecraft:waxed_copper_bulb":2,"minecraft:birch_planks":702,"minecraft:flint":16,"minecraft:tuff":17,"minecraft:waxed_copper_block":2,"minecraft:oak_log":579,"minecraft:stripped_birch_log":5,"minecraft:lapis_lazuli":54,"minecraft:dirt":787,"minecraft:cooked_mutton":2,"minecraft:glass":26,"minecraft:bone":1,"minecraft:acacia_planks":75,"minecraft:apple":17,"minecraft:wheat_seeds":362,"minecraft:iron_ingot":2,"minecraft:oak_fence_gate":7,"minecraft:stone_pickaxe":22,"minecraft:diamond_helmet":1,"minecraft:stone_hoe":1,"minecraft:iron_sword":1,"minecraft:oak_planks":162,"minecraft:acacia_sapling":1,"minecraft:oak_slab":2,"minecraft:cooked_porkchop":2,"minecraft:dandelion":2,"minecraft:dripstone_block":9,"minecraft:gravel":29,"minecraft:sand":282,"minecraft:camel_spawn_egg":1,"minecraft:stone_axe":27,"minecraft:waxed_oxidized_copper_grate":4,"minecraft:iron_helmet":3,"minecraft:granite":13,"minecraft:bread":98,"minecraft:oak_sapling":168,"minecraft:black_wool":5,"minecraft:coal":365,"minecraft:chiseled_tuff_bricks":2,"minecraft:ender_pearl":1},"minecraft:killed_by":{"minecraft:player":2,"minecraft:creeper":1,"minecraft:spider":1,"minecraft:trader_llama":1,"minecraft:skeleton":4},"minecraft:mined":{"minecraft:tuff":9,"minecraft:oak_door":1,"minecraft:stripped_birch_log":3,"minecraft:ladder":2,"minecraft:glow_lichen":3,"minecraft:granite":15,"minecraft:acacia_log":7,"minecraft:grass_block":306,"minecraft:chiseled_tuff_bricks":2,"minecraft:tuff_bricks":3,"minecraft:cobbled_deepslate":21,"minecraft:iron_ore":44,"minecraft:andesite":100,"minecraft:peony":5,"minecraft:brown_bed":3,"minecraft:oak_stairs":48,"minecraft:stripped_oak_log":13,"minecraft:stone":1283,"minecraft:acacia_leaves":3,"minecraft:dandelion":3,"minecraft:oak_fence":12,"minecraft:crafting_table":3,"minecraft:torch":8,"minecraft:short_grass":35,"minecraft:copper_ore":42,"minecraft:cobblestone":28,"minecraft:glass":6,"minecraft:lapis_ore":8,"minecraft:sugar_cane":2,"minecraft:oak_planks":58,"minecraft:wall_torch":9,"minecraft:diorite":186,"minecraft:waxed_copper_bulb":1,"minecraft:birch_planks":63,"minecraft:waxed_oxidized_copper_grate":2,"minecraft:birch_log":122,"minecraft:waxed_oxidized_cut_copper_stairs":1,"minecraft:wheat":66,"minecraft:birch_leaves":199,"minecraft:waxed_copper_block":1,"minecraft:birch_door":4,"minecraft:tnt":1,"minecraft:oak_log":463,"minecraft:coal_ore":135,"minecraft:oak_fence_gate":5,"minecraft:sand":160,"minecraft:gravel":33,"minecraft:dripstone_block":3,"minecraft:dirt":378,"minecraft:acacia_planks":21,"minecraft:oak_leaves":707,"minecraft:birch_fence":5,"minecraft:deepslate":82},"minecraft:killed":{"minecraft:skeleton":1,"minecraft:chicken":1,"minecraft:pig":3,"minecraft:sheep":1,"minecraft:zombie":1,"minecraft:cow":1},"minecraft:dropped":{"minecraft:stone_hoe":1,"minecraft:oak_slab":1,"minecraft:birch_planks":209,"minecraft:wheat_seeds":6,"minecraft:glow_ink_sac":1,"minecraft:diamond_leggings":1,"minecraft:oak_fence":8,"minecraft:lead":2,"minecraft:granite":9,"minecraft:camel_spawn_egg":1,"minecraft:birch_slab":10,"minecraft:stick":40,"minecraft:dirt":1,"minecraft:birch_fence":3,"minecraft:diorite":2,"minecraft:torch":44,"minecraft:diamond_helmet":1,"minecraft:stripped_birch_log":1,"minecraft:oak_stairs":12,"minecraft:birch_log":1,"minecraft:bone":1,"minecraft:stone_axe":4,"minecraft:cobbled_deepslate":1,"minecraft:stone_sword":1,"minecraft:lime_wool":2,"minecraft:stone_shovel":1,"minecraft:raw_iron":2,"minecraft:oak_planks":7,"minecraft:cooked_mutton":2,"minecraft:diamond_chestplate":1,"minecraft:birch_door":1,"minecraft:stone_pressure_plate":1,"minecraft:diamond_boots":1,"minecraft:wooden_pickaxe":1,"minecraft:stone_pickaxe":9,"minecraft:arrow":1,"minecraft:magma_block":1,"minecraft:black_wool":3,"minecraft:egg":1},"minecraft:used":{"minecraft:oak_fence":82,"minecraft:stone_sword":50,"minecraft:acacia_log":1,"minecraft:stone_shovel":131,"minecraft:ladder":23,"minecraft:chest":4,"minecraft:stone":1,"minecraft:iron_sword":13,"minecraft:rotten_flesh":1,"minecraft:oak_door":5,"minecraft:torch":250,"minecraft:dirt":514,"minecraft:acacia_sapling":1,"minecraft:tuff":7,"minecraft:granite":1,"minecraft:oak_fence_gate":11,"minecraft:birch_door":9,"minecraft:glass":157,"minecraft:wooden_axe":248,"minecraft:oak_stairs":167,"minecraft:birch_sapling":5,"minecraft:oak_sapling":36,"minecraft:furnace":4,"minecraft:stone_pressure_plate":2,"minecraft:cobbled_deepslate":66,"minecraft:acacia_planks":38,"minecraft:brown_bed":4,"minecraft:wheat_seeds":99,"minecraft:cooked_mutton":2,"minecraft:water_bucket":6,"minecraft:diorite":147,"minecraft:lime_wool":249,"minecraft:birch_planks":273,"minecraft:stone_pickaxe":2065,"minecraft:oak_planks":500,"minecraft:ender_pearl":1,"minecraft:wooden_pickaxe":237,"minecraft:fletching_table":1,"minecraft:sand":3,"minecraft:tnt":17,"minecraft:light_blue_wool":6,"minecraft:crafting_table":5,"minecraft:dripstone_block":3,"minecraft:birch_fence":33,"minecraft:oak_log":121,"minecraft:black_wool":487,"minecraft:apple":12,"minecraft:bread":13,"minecraft:gravel":27,"minecraft:stone_axe":939,"minecraft:cobblestone":1138,"minecraft:andesite":77,"minecraft:cooked_porkchop":2,"minecraft:bucket":6,"minecraft:birch_log":10}},"DataVersion":3955}