{"stats":{"minecraft:used":{"minecraft:dirt":11,"minecraft:acacia_log":4,"minecraft:crafting_table":1},"minecraft:crafted":{"minecraft:oak_planks":12,"minecraft:crafting_table":1,"minecraft:stick":4},"minecraft:picked_up":{"minecraft:crafting_table":1,"minecraft:leather":1,"minecraft:acacia_log":4,"minecraft:beef":2,"minecraft:oak_log":3,"minecraft:acacia_sapling":1,"minecraft:dirt":27},"minecraft:custom":{"minecraft:time_since_rest":13262,"minecraft:damage_taken":535,"minecraft:play_time":21992,"minecraft:sprint_one_cm":787,"minecraft:walk_one_cm":46615,"minecraft:deaths":2,"minecraft:mob_kills":1,"minecraft:drop":2,"minecraft:jump":259,"minecraft:damage_dealt":205,"minecraft:walk_on_water_one_cm":559,"minecraft:leave_game":4,"minecraft:time_since_death":13228,"minecraft:total_world_time":21992,"minecraft:fall_one_cm":8306,"minecraft:fly_one_cm":2194},"minecraft:mined":{"minecraft:short_grass":32,"minecraft:acacia_log":6,"minecraft:grass_block":6,"minecraft:oak_log":3,"minecraft:dirt":24,"minecraft:oak_leaves":2},"minecraft:dropped":{"minecraft:dirt":11,"minecraft:crafting_table":1},"minecraft:killed_by":{"minecraft:skeleton":1,"minecraft:spider":1}},"DataVersion":3955}